<ArrayOfCategory xmlns="http://schemas.datacontract.org/2004/07/Kooboo.CMS.Content.Models" xmlns:i="http://www.w3.org/2001/XMLSchema-instance"><Category><CategoryFolder>Category</CategoryFolder><CategoryUUID>e7f6fee8-ffa2-4d36-901b-6ccb5369ff4d</CategoryUUID><ContentUUID>8d217d3f-6c42-4456-8607-940ec2cd70c3</ContentUUID></Category><Category><CategoryFolder>Category</CategoryFolder><CategoryUUID>c5f80f09-7a0c-47f9-b131-a156af828a53</CategoryUUID><ContentUUID>8d217d3f-6c42-4456-8607-940ec2cd70c3</ContentUUID></Category><Category><CategoryFolder>Category</CategoryFolder><CategoryUUID>905fa31a-82c8-4d83-a31b-b34863f695db</CategoryUUID><ContentUUID>c51edaec-5bba-499b-aeda-d23e51f1c8a4</ContentUUID></Category><Category><CategoryFolder>Category</CategoryFolder><CategoryUUID>5a9315f1-fe2f-47fd-aa3c-3d12cb2be97a</CategoryUUID><ContentUUID>c51edaec-5bba-499b-aeda-d23e51f1c8a4</ContentUUID></Category><Category><CategoryFolder>Category</CategoryFolder><CategoryUUID>c5f80f09-7a0c-47f9-b131-a156af828a53</CategoryUUID><ContentUUID>c51edaec-5bba-499b-aeda-d23e51f1c8a4</ContentUUID></Category><Category><CategoryFolder>Category</CategoryFolder><CategoryUUID>e7f6fee8-ffa2-4d36-901b-6ccb5369ff4d</CategoryUUID><ContentUUID>f79b1016-8dd4-4dd3-9d3c-ba5c41374df4</ContentUUID></Category><Category><CategoryFolder>Category</CategoryFolder><CategoryUUID>e7f6fee8-ffa2-4d36-901b-6ccb5369ff4d</CategoryUUID><ContentUUID>95a0861e-5019-4000-98b6-8e46efbc5ce1</ContentUUID></Category></ArrayOfCategory>